/* Insert Data */

INSERT INTO BenhNhan VALUES ('BN000001', 'NGUYEN VAN AN', TO_DATE('20/11/2000','DD/MM/YYYY'), '123 NGUYEN XUAN ON, Q.BINH THANH', '0356595222', TO_DATE('20/11/2018','DD/MM/YYYY'));
INSERT INTO BenhNhan VALUES ('BN000002', 'DINH QUANG TRI', TO_DATE('20/03/2005','DD/MM/YYYY'), '45 PHAN XICH LONG, Q.PHU NHUAN', '0349142774', TO_DATE('15/05/2019','DD/MM/YYYY'));
INSERT INTO BenhNhan VALUES ('BN000003', 'TRAN HONG HOA', TO_DATE('27/04/1984','DD/MM/YYYY'), '34/28 TRAN HUNG DAO, Q.1', '0122188902', TO_DATE('02/04/2020','DD/MM/YYYY'));
INSERT INTO BenhNhan VALUES ('BN000004', 'LY NGOC MAI', TO_DATE('01/01/2001','DD/MM/YYYY'), '7D NGUYEN VAN CU, Q.5', '0908748335', TO_DATE('18/10/2018','DD/MM/YYYY'));
INSERT INTO BenhNhan VALUES ('BN000005', 'NGUYEN DANG KHOA', TO_DATE('09/12/1998','DD/MM/YYYY'), '67 NO TRANG LONG, Q.BINH THANH', '0356931576', TO_DATE('22/01/2021','DD/MM/YYYY'));
/

INSERT INTO Phong VALUES ('QL01', 'QL NHAN SU');
INSERT INTO Phong VALUES ('QL02', 'QL TAI VU');
INSERT INTO Phong VALUES ('QL03', 'QL CHUYEN MON');
INSERT INTO Phong VALUES ('BS01', 'PHONG KHAM 01');
INSERT INTO Phong VALUES ('BS02', 'PHONG KHAM 02');
INSERT INTO Phong VALUES ('BS03', 'PHONG KHAM 03');
INSERT INTO Phong VALUES ('BS04', 'PHONG KHAM 04');
INSERT INTO Phong VALUES ('DV01', 'DICH VU 01');
INSERT INTO Phong VALUES ('DV02', 'DICH VU 02');
INSERT INTO Phong VALUES ('DV03', 'DICH VU 03');
INSERT INTO Phong VALUES ('TT01', 'TIEP TAN');
INSERT INTO Phong VALUES ('TV01', 'TAI VU');
INSERT INTO Phong VALUES ('KT01', 'KE TOAN');
INSERT INTO Phong VALUES ('BT01', 'QUAY THUOC 01');
INSERT INTO Phong VALUES ('BT02', 'QUAY THUOC 02');
/

INSERT INTO DichVu VALUES ('DV000001', 'CHUP X/QUANG', 30000, 'CAN CO CHI DINH CUA BAC SI', 'DV01');
INSERT INTO DichVu VALUES ('DV000002', 'XET NGHIEM MAU', 40000, 'CAN CO CHI DINH CUA BAC SI', 'DV02');
INSERT INTO DichVu VALUES ('DV000003', 'XET NGHIEM NUOC TIEU', 40000, 'CAN CO CHI DINH CUA BAC SI', 'DV02');
INSERT INTO DichVu VALUES ('DV000004', 'XET NGHIEM COVID', 50000, 'CAN CO CHI DINH CUA BAC SI', 'DV03');
/

INSERT INTO Thuoc VALUES ('TH000001', 'PENICILIN 500',  20000, 'KHANG SINH', 'NHIEM KHUAN DUONG TIEU, VIEM HONG');
INSERT INTO Thuoc VALUES ('TH000002', 'AUGMENTIN 500',  15000, 'KHANG SINH', 'NHIEM KHUAN DUONG HO HAP');
INSERT INTO Thuoc VALUES ('TH000003', 'ACNOTIN',  17000, 'KHANG VIEM DA', 'MUN TRUNG CA');
INSERT INTO Thuoc VALUES ('TH000004', 'LUCOSAMIN',  36000, 'DIEU TRI VA NGAN NGUA ROI LOAN KHOP', 'VIEM XUONG KHOP');
INSERT INTO Thuoc VALUES ('TH000005', 'NASONEX',  27000, 'TRI VIEM MUI (DANG XIT)', 'NGHET MUI, HAT HOI, ...');
/

INSERT INTO NhanVien VALUES ('NV000001', 'trang98', 'TRAN THI THU TRANG', TO_DATE('20/11/1978','DD/MM/YYYY'), '0909433122', 8000000, 3000000, 'QL NHAN SU', 'Y');
INSERT INTO NhanVien VALUES ('NV000002', 'Manhvan333', 'NGUYEN VAN MANH', TO_DATE('10/12/1989','DD/MM/YYYY'), '0999438001', 8000000, 3000000 , 'QL NHAN SU', 'Y');
INSERT INTO NhanVien VALUES ('NV000003', 'abc123456789', 'VO VAN TOAN', TO_DATE('03/03/1977','DD/MM/YYYY'), '0122149334', 8000000, 3000000, 'QL TAI VU', 'Y');
INSERT INTO NhanVien VALUES ('NV000004', 'nhiyenvu1991', 'VU YEN NHI', TO_DATE('03/11/1991','DD/MM/YYYY'), '0439778543', 8000000, 3000000, 'QL CHUYEN MON', 'Y');
INSERT INTO NhanVien VALUES ('NV000005', 'minhpham254', 'PHAM NHAT MINH', TO_DATE('25/04/1988','DD/MM/YYYY'), '0432999738', 9000000, 3000000, 'BAC SI', 'Y');
INSERT INTO NhanVien VALUES ('NV000006', 'qhminh20111992', 'QUACH HOANG MINH', TO_DATE('20/11/1992','DD/MM/YYYY'), '0134588493', 9000000, 3000000, 'BAC SI', 'Y');
INSERT INTO NhanVien VALUES ('NV000007', 'vuyenngoc2110', 'VU YEN NGOC', TO_DATE('21/10/1994','DD/MM/YYYY'), '0583929448', 9000000, 3000000, 'BAC SI', 'Y');
INSERT INTO NhanVien VALUES ('NV000008', 'nhxy1304', 'NGUYEN HONG XUAN VY', TO_DATE('13/04/1990','DD/MM/YYYY'), '0548124997', 9000000, 3000000, 'BAC SI', 'Y');
INSERT INTO NhanVien VALUES ('NV000009', 'krystal119', 'LE HOANG BAO NGOC', TO_DATE('11/01/1989','DD/MM/YYYY'), '0629456229', 7000000, 3000000, 'TIEP TAN', 'Y');
INSERT INTO NhanVien VALUES ('NV000010', 'paSSword321', 'TRAN BAO PHUC', TO_DATE('30/07/1995','DD/MM/YYYY'), '0754812330', 7000000, 3000000, 'TIEP TAN', 'Y');
INSERT INTO NhanVien VALUES ('NV000011', 'baoduy_00', 'VAN VU DUY BAO', TO_DATE('20/11/1998','DD/MM/YYYY'), '0554902335', 7000000, 3000000, 'NV TAI VU', 'Y');
INSERT INTO NhanVien VALUES ('NV000012', 'antran85', 'TRAN VU THIEN AN', TO_DATE('12/04/1985','DD/MM/YYYY'), '0112574883', 7000000, 3000000, 'NV TAI VU', 'Y');
INSERT INTO NhanVien VALUES ('NV000013', 'vy1345', 'TRAN HAI VY', TO_DATE('13/05/1994','DD/MM/YYYY'), '0295687132', 7000000, 3000000, 'NV TAI VU', 'Y');
INSERT INTO NhanVien VALUES ('NV000014', 'hlongktruc', 'NGUYEN HOANG LONG', TO_DATE('31/12/1987','DD/MM/YYYY'), '0937881652', 7000000, 3000000, 'NV KE TOAN', 'Y');
INSERT INTO NhanVien VALUES ('NV000015', 'tm_duc2201', 'TO MINH DUC', TO_DATE('02/02/1991','DD/MM/YYYY'), '0789138421', 7000000, 3000000, 'NV KE TOAN', 'Y');
INSERT INTO NhanVien VALUES ('NV000016', 'tracytran18', 'NGUYEN HONG DUYEN', TO_DATE('01/08/2000','DD/MM/YYYY'), '0522943685', 7000000, 3000000, 'NV KE TOAN', 'Y');
INSERT INTO NhanVien VALUES ('NV000017', 'vankhanh_445', 'TRAN KHANH VAN', TO_DATE('12/12/2001','DD/MM/YYYY'), '0432958114', 6000000, 3000000, 'NV BAN THUOC', 'Y');
INSERT INTO NhanVien VALUES ('NV000018', 'nganngo123', 'TRAN KIM NGAN', TO_DATE('12/03/1990','DD/MM/YYYY'), '0587114695', 6000000, 3000000, 'NV BAN THUOC', 'Y');
/
-- TONG LUONG = LUONGCB + PHU CAP + (LUONG THUONG) / SO NGAY NGHI * LUONG TRU
INSERT INTO ChamCong VALUES ('NV000009', TO_DATE('30/06/2021','DD/MM/YYYY'), 1, 200000, 500000, 10300000, NULL);
INSERT INTO ChamCong VALUES ('NV000010', TO_DATE('30/06/2021','DD/MM/YYYY'), 0, 200000, 1000000, 11000000, NULL);
INSERT INTO ChamCong VALUES ('NV000011', TO_DATE('30/06/2021','DD/MM/YYYY'), 2, 200000, NULL, 9600000, NULL);
INSERT INTO ChamCong VALUES ('NV000012', TO_DATE('30/06/2021','DD/MM/YYYY'), 0, 200000, 1200000, NULL, NULL);
INSERT INTO ChamCong VALUES ('NV000013', TO_DATE('30/06/2021','DD/MM/YYYY'), 1, 200000, NULL, 9800000, NULL);
INSERT INTO ChamCong VALUES ('NV000014', TO_DATE('30/06/2021','DD/MM/YYYY'), 0, 200000, 2200000, 12200000, NULL);
INSERT INTO ChamCong VALUES ('NV000015', TO_DATE('30/06/2021','DD/MM/YYYY'), 3, 200000, NULL, NULL, NULL);
INSERT INTO ChamCong VALUES ('NV000016', TO_DATE('30/06/2021','DD/MM/YYYY'), 0, 200000, NULL, 10000000, NULL);
INSERT INTO ChamCong VALUES ('NV000017', TO_DATE('30/06/2021','DD/MM/YYYY'), 0, 150000, 1500000, 10500000, NULL);
INSERT INTO ChamCong VALUES ('NV000018', TO_DATE('30/06/2021','DD/MM/YYYY'), 1, 150000, NULL, 8850000, NULL);
/

INSERT INTO PhieuKhamBenh VALUES ('PK000001', TO_DATE('16/06/2021','DD/MM/YYYY'), 'HO, KHO THO, MAT VI GIAC', 50000, 'CO NGUY CO MAC COVID, CAN XET NGHIEM THEM 2 LAN', 'BN000001', 'NV000005');
INSERT INTO PhieuKhamBenh VALUES ('PK000002', TO_DATE('04/05/2020','DD/MM/YYYY'), 'U TAI', 50000, 'VIEM TAI, HAN CHE NGHE NHAC QUA LON', 'BN000002', 'NV000006');
INSERT INTO PhieuKhamBenh VALUES ('PK000003', TO_DATE('22/02/2021','DD/MM/YYYY'), 'SOT 40 DO', 50000, 'SOT SIEU VI', 'BN000003', 'NV000007');
INSERT INTO PhieuKhamBenh VALUES ('PK000004', TO_DATE('16/03/2021','DD/MM/YYYY'), 'DAU NHUC TAY TRAI', 50000, 'GAY TAY TRAI', 'BN000005', 'NV000008');
/

INSERT INTO HoaDon_Thuoc VALUES ('PK000002', 30000, TO_DATE('04/05/2020','DD/MM/YYYY'));
INSERT INTO HoaDon_Thuoc VALUES ('PK000003', 126000, TO_DATE('22/02/2021','DD/MM/YYYY'));
INSERT INTO HoaDon_Thuoc VALUES ('PK000004', 17000, TO_DATE('16/03/2021','DD/MM/YYYY'));
/

INSERT INTO ChiTietDonThuoc VALUES ('PK000002', 'TH000002', 2, 'UONG SAU KHI AN');
INSERT INTO ChiTietDonThuoc VALUES ('PK000003', 'TH000002', 3, 'UONG SAU KHI AN');
INSERT INTO ChiTietDonThuoc VALUES ('PK000003', 'TH000005', 3, 'XIT 2 LAN/ NGAY');
INSERT INTO ChiTietDonThuoc VALUES ('PK000002', 'TH000003', 1, 'UONG SAU KHI AN');
/ 

INSERT INTO HoaDon_DichVu VALUES ('PK000001', 50000, TO_DATE('16/06/2021','DD/MM/YYYY'));
INSERT INTO HoaDon_DichVu VALUES ('PK000003', 40000, TO_DATE('22/02/2021','DD/MM/YYYY'));
INSERT INTO HoaDon_DichVu VALUES ('PK000004', 30000, TO_DATE('16/03/2021','DD/MM/YYYY'));
/ 

INSERT INTO PhieuXetNghiem VALUES ('PK000001', 'DV000004', 'AM TINH');
INSERT INTO PhieuXetNghiem VALUES ('PK000003', 'DV000002', 'SOT SIEU VI');
INSERT INTO PhieuXetNghiem VALUES ('PK000004', 'DV000001', 'GAY XUONG HO / TAY TRAI');
/

INSERT INTO LichTruc VALUES ('NV000005', 'DV02', TO_TIMESTAMP('2021/07/01 20:00:00', 'YYYY/MM/DD HH24:MI:SS'), TO_TIMESTAMP('2021/07/01 22:00:00', 'YYYY/MM/DD HH24:MI:SS'));
INSERT INTO LichTruc VALUES ('NV000005', 'DV03', TO_TIMESTAMP('2021/06/01 18:00:00', 'YYYY/MM/DD HH24:MI:SS'), TO_TIMESTAMP('2021/06/01 20:00:00', 'YYYY/MM/DD HH24:MI:SS'));
INSERT INTO LichTruc VALUES ('NV000006', 'KT01', TO_TIMESTAMP('2021/06/22 20:00:00', 'YYYY/MM/DD HH24:MI:SS'), TO_TIMESTAMP('2021/06/22 22:00:00', 'YYYY/MM/DD HH24:MI:SS'));
INSERT INTO LichTruc VALUES ('NV000006', 'BS04', TO_TIMESTAMP('2021/06/30 18:00:00', 'YYYY/MM/DD HH24:MI:SS'), TO_TIMESTAMP('2021/06/30 20:00:00', 'YYYY/MM/DD HH24:MI:SS'));
INSERT INTO LichTruc VALUES ('NV000007', 'TV01', TO_TIMESTAMP('2021/07/02 20:00:00', 'YYYY/MM/DD HH24:MI:SS'), TO_TIMESTAMP('2021/07/02 22:00:00', 'YYYY/MM/DD HH24:MI:SS'));
INSERT INTO LichTruc VALUES ('NV000007', 'KT01', TO_TIMESTAMP('2021/06/29 18:00:00', 'YYYY/MM/DD HH24:MI:SS'), TO_TIMESTAMP('2021/06/29 20:00:00', 'YYYY/MM/DD HH24:MI:SS'));
INSERT INTO LichTruc VALUES ('NV000008', 'BS02', TO_TIMESTAMP('2021/05/12 20:00:00', 'YYYY/MM/DD HH24:MI:SS'), TO_TIMESTAMP('2021/05/12 22:00:00', 'YYYY/MM/DD HH24:MI:SS'));
INSERT INTO LichTruc VALUES ('NV000008', 'DV01', TO_TIMESTAMP('2021/07/03 18:00:00', 'YYYY/MM/DD HH24:MI:SS'), TO_TIMESTAMP('2021/07/03 20:00:00', 'YYYY/MM/DD HH24:MI:SS'));

--select * from benhnhan;

